Make,Model,Vehicle Class,Engine Size (L),Cylinders,Transmission,Fuel Type,CO2 Emissions (g/km)
Acura,Integra,Full-size,1.5,4.0,AV7,Z,167.0
Acura,Integra A-SPEC,Full-size,1.5,4.0,AV7,Z,172.0
Acura,Integra A-SPEC,Full-size,1.5,4.0,M6,Z,181.0
Acura,MDX SH-AWD,SUV: Small,3.5,6.0,AS10,Z,263.0
Acura,MDX SH-AWD Type S,SUV: Standard,3.0,6.0,AS10,Z,291.0
Acura,RDX SH-AWD,SUV: Small,2.0,4.0,AS10,Z,232.0
Acura,RDX SH-AWD A-SPEC,SUV: Small,2.0,4.0,AS10,Z,242.0
Acura,TLX SH-AWD,Compact,2.0,4.0,AS10,Z,230.0
Acura,TLX SH-AWD A-SPEC,Compact,2.0,4.0,AS10,Z,231.0
Acura,TLX Type S,Compact,3.0,6.0,AS10,Z,256.0
Alfa Romeo,Giulia,Mid-size,2.0,4.0,A8,Z,205.0
Alfa Romeo,Giulia AWD,Mid-size,2.0,4.0,A8,Z,217.0
Alfa Romeo,Giulia Quadrifoglio,Mid-size,2.9,6.0,A8,Z,271.0
Alfa Romeo,Stelvio,SUV: Small,2.0,4.0,A8,Z,218.0
Alfa Romeo,Stelvio AWD,SUV: Small,2.0,4.0,A8,Z,226.0
Alfa Romeo,Stelvio AWD Quadrifoglio,SUV: Small,2.9,6.0,A8,Z,288.0
Alfa Romeo,Tonale AWD,SUV: Small,2.0,4.0,A9,X,231.0
Aston Martin,DB11 V8,Minicompact,4.0,8.0,A8,Z,271.0
Aston Martin,DB11 V12,Minicompact,5.2,12.0,A8,Z,324.0
Aston Martin,DBS V12,Minicompact,5.2,12.0,A8,Z,324.0
Aston Martin,DBX V8,SUV: Standard,4.0,8.0,A9,Z,343.0
Aston Martin,DBX707,SUV: Standard,4.0,8.0,A9,Z,329.0
Aston Martin,Vantage V8,Two-seater,4.0,8.0,A8,Z,270.0
Aston Martin,V12 Vantage,Two-seater,5.2,12.0,A8,Z,337.0
Audi,A3 40 TFSI quattro,Subcompact,2.0,4.0,AM7,X,183.0
Audi,A4 Sedan 45 TFSI quattro,Compact,2.0,4.0,AM7,Z,203.0
Audi,A4 allroad 45 TFSI quattro,Station wagon: Small,2.0,4.0,AM7,Z,214.0
Audi,A5 Cabriolet 45 TFSI quattro,Subcompact,2.0,4.0,AM7,Z,208.0
Audi,A5 Coupé 45 TFSI quattro,Subcompact,2.0,4.0,AM7,Z,203.0
Audi,A5 Sportback 45 TFSI quattro,Mid-size,2.0,4.0,AM7,Z,203.0
Audi,A6 45 TFSI quattro,Mid-size,2.0,4.0,AM7,Z,207.0
Audi,A6 55 TFSI quattro,Mid-size,3.0,6.0,AM7,Z,224.0
Audi,A6 allroad 55 TFSI quattro,Station wagon: Mid-size,3.0,6.0,AM7,Z,224.0
Audi,A7 Sportback 55 TFSI quattro,Mid-size,3.0,6.0,AM7,Z,224.0
Audi,A8 L Sedan 55 TFSI quattro,Full-size,3.0,6.0,AS8,Z,247.0
Audi,Q3 40 TFSI quattro,SUV: Small,2.0,4.0,AS8,X,224.0
Audi,Q3 45 TFSI quattro,SUV: Small,2.0,4.0,AS8,X,233.0
Audi,Q5 40 TFSI quattro,SUV: Small,2.0,4.0,AM7,Z,217.0
Audi,Q5 45 TFSI quattro,SUV: Small,2.0,4.0,AM7,Z,223.0
Audi,Q5 Sportback 45 TFSI quattro,SUV: Small,2.0,4.0,AM7,Z,223.0
Audi,Q7 45 TFSI quattro,SUV: Standard,2.0,4.0,AS8,Z,257.0
Audi,Q7 55 TFSI quattro,SUV: Standard,3.0,6.0,AS8,Z,281.0
Audi,Q8 55 TFSI quattro,SUV: Standard,3.0,6.0,AS8,Z,273.0
Audi,R8 Coupé Performance,Two-seater,5.2,10.0,AM7,Z,320.0
Audi,R8 Coupé Performance quattro,Two-seater,5.2,10.0,AM7,Z,361.0
Audi,R8 Spyder Performance,Two-seater,5.2,10.0,AM7,Z,320.0
Audi,R8 Spyder Performance quattro,Two-seater,5.2,10.0,AM7,Z,361.0
Audi,R8 GT Coupé,Two-seater,5.2,10.0,AM7,Z,328.0
Audi,RS 5 Coupé quattro,Subcompact,2.9,6.0,AS8,Z,266.0
Audi,RS 5 Sportback quattro,Mid-size,2.9,6.0,AS8,Z,267.0
Audi,RS 6 Avant quattro,Station wagon: Mid-size,4.0,8.0,AS8,Z,328.0
Audi,RS 7 Sportback quattro,Mid-size,4.0,8.0,AS8,Z,328.0
Audi,RS Q8 quattro,SUV: Standard,4.0,8.0,AS8,Z,349.0
Audi,S3 quattro,Subcompact,2.0,4.0,AM7,Z,207.0
Audi,S4 Sedan quattro,Compact,3.0,6.0,AS8,Z,226.0
Audi,S5 Cabriolet quattro,Subcompact,3.0,6.0,AS8,Z,233.0
Audi,S5 Coupé quattro,Subcompact,3.0,6.0,AS8,Z,226.0
Audi,S5 Sportback quattro,Mid-size,3.0,6.0,AS8,Z,226.0
Audi,S6 quattro,Mid-size,2.9,6.0,AS8,Z,254.0
Audi,S7 quattro,Mid-size,2.9,6.0,AS8,Z,254.0
Audi,S8 Sedan quattro,Full-size,4.0,8.0,AS8,Z,313.0
Audi,SQ5 quattro,SUV: Small,3.0,6.0,AS8,Z,262.0
Audi,SQ5 Sportback quattro,SUV: Small,3.0,6.0,AS8,Z,262.0
Audi,SQ7 quattro,SUV: Standard,4.0,8.0,AS8,Z,325.0
Audi,SQ8 quattro,SUV: Standard,4.0,8.0,AS8,Z,325.0
Audi,TT Coupé 45 TFSI quattro,Subcompact,2.0,4.0,AM7,X,221.0
Audi,TT Roadster 45 TFSI quattro,Two-seater,2.0,4.0,AM7,X,221.0
Audi,TTS Coupé quattro,Subcompact,2.0,4.0,AM7,Z,209.0
Bentley,Bentayga,SUV: Standard,4.0,8.0,AS8,Z,328.0
Bentley,Bentayga EWB,SUV: Standard,4.0,8.0,AS8,Z,328.0
Bentley,Bentayga Speed,SUV: Standard,6.0,12.0,AS8,Z,383.0
Bentley,Continental GT,Subcompact,4.0,8.0,AM8,Z,307.0
Bentley,Continental GT Speed,Subcompact,6.0,12.0,AM8,Z,379.0
Bentley,Continental GTC,Minicompact,4.0,8.0,AM8,Z,315.0
Bentley,Continental GTC Speed,Minicompact,6.0,12.0,AM8,Z,395.0
Bentley,Flying Spur,Mid-size,4.0,8.0,AM8,Z,319.0
Bentley,Flying Spur Speed,Mid-size,6.0,12.0,AM8,Z,373.0
BMW,230i xDrive Coupe,Subcompact,2.0,4.0,AS8,Z,195.0
BMW,330i xDrive Sedan,Compact,2.0,4.0,AS8,Z,200.0
BMW,430i xDrive Cabriolet,Subcompact,2.0,4.0,AS8,Z,203.0
BMW,430i xDrive Coupe,Subcompact,2.0,4.0,AS8,Z,203.0
BMW,530i xDrive Sedan,Mid-size,2.0,4.0,AS8,Z,206.0
BMW,540i xDrive Sedan,Mid-size,3.0,6.0,AS8,Z,219.0
BMW,760i xDrive Sedan,Full-size,4.4,8.0,AS8,Z,261.0
BMW,ALPINA B8 Gran Coupe,Mid-size,4.4,8.0,AS8,Z,284.0
BMW,ALPINA XB7,SUV: Standard,4.4,8.0,AS8,Z,314.0
BMW,M2 Coupe,Subcompact,3.0,6.0,AS8,Z,294.0
BMW,M2 Coupe,Subcompact,3.0,6.0,M6,Z,287.0
BMW,M240i xDrive Coupe,Subcompact,3.0,6.0,AS8,Z,210.0
BMW,M3 Sedan,Compact,3.0,6.0,M6,Z,293.0
BMW,M3 Competition M xDrive Sedan,Compact,3.0,6.0,AS8,Z,296.0
BMW,M340i xDrive Sedan,Compact,3.0,6.0,AS8,Z,210.0
BMW,M4 Competition M xDrive Cabriolet,Subcompact,3.0,6.0,AS8,Z,301.0
BMW,M4 Coupe,Subcompact,3.0,6.0,M6,Z,293.0
BMW,M4 Competition M xDrive Coupe,Subcompact,3.0,6.0,AS8,Z,296.0
BMW,M4 CSL Coupe,Subcompact,3.0,6.0,AS8,Z,301.0
BMW,M440i xDrive Cabriolet,Subcompact,3.0,6.0,AS8,Z,216.0
BMW,M440i xDrive Coupe,Subcompact,3.0,6.0,AS8,Z,216.0
BMW,M5 Sedan,Mid-size,4.4,8.0,AS8,Z,324.0
BMW,M5 Competition Sedan,Mid-size,4.4,8.0,AS8,Z,324.0
BMW,M550i xDrive Sedan,Mid-size,4.4,8.0,AS8,Z,277.0
BMW,M8 Competition Cabriolet,Subcompact,4.4,8.0,AS8,Z,321.0
BMW,M8 Competition Coupe,Subcompact,4.4,8.0,AS8,Z,321.0
BMW,M8 Competition Gran Coupe,Mid-size,4.4,8.0,AS8,Z,321.0
BMW,M850i xDrive Cabriolet,Subcompact,4.4,8.0,AS8,Z,284.0
BMW,M850i xDrive Coupe,Subcompact,4.4,8.0,AS8,Z,284.0
BMW,M850i xDrive Gran Coupe,Mid-size,4.4,8.0,AS8,Z,284.0
BMW,X1 xDrive28i,SUV: Small,2.0,4.0,AM7,Z,195.0
BMW,X3 xDrive30i,SUV: Small,2.0,4.0,AS8,Z,229.0
BMW,X3 M,SUV: Small,3.0,6.0,AS8,Z,323.0
BMW,X3 M Competition,SUV: Small,3.0,6.0,AS8,Z,323.0
BMW,X3 M40i,SUV: Small,3.0,6.0,AS8,Z,235.0
BMW,X4 xDrive30i,SUV: Small,2.0,4.0,AS8,Z,229.0
BMW,X4 M,SUV: Small,3.0,6.0,AS8,Z,323.0
BMW,X4 M Competition,SUV: Small,3.0,6.0,AS8,Z,323.0
BMW,X4 M40i,SUV: Small,3.0,6.0,AS8,Z,235.0
BMW,X5 xDrive40i,SUV: Standard,3.0,6.0,AS8,Z,242.0
BMW,X5 M,SUV: Standard,4.4,8.0,AS8,Z,364.0
BMW,X5 M Competition,SUV: Standard,4.4,8.0,AS8,Z,364.0
BMW,X5 M50i,SUV: Standard,4.4,8.0,AS8,Z,302.0
BMW,X6 xDrive40i,SUV: Standard,3.0,6.0,AS8,Z,242.0
BMW,X6 M,SUV: Standard,4.4,8.0,AS8,Z,364.0
BMW,X6 M Competition,SUV: Standard,4.4,8.0,AS8,Z,364.0
BMW,X6 M50i,SUV: Standard,4.4,8.0,AS8,Z,302.0
BMW,X7 xDrive40i,SUV: Standard,3.0,6.0,AS8,Z,243.0
BMW,X7 M60i xDrive,SUV: Standard,4.4,8.0,AS8,Z,299.0
BMW,Z4 sDrive30i,Two-seater,2.0,4.0,AS8,Z,194.0
BMW,Z4 M40i,Two-seater,3.0,6.0,AS8,Z,210.0
Bugatti,Chiron,Two-seater,8.0,16.0,AM7,Z,522.0
Bugatti,Chiron Pur Sport,Two-seater,8.0,16.0,AM7,Z,608.0
Bugatti,Chiron Super Sport,Two-seater,8.0,16.0,AM7,Z,608.0
Buick,Enclave AWD,SUV: Standard,3.6,6.0,A9,X,277.0
Buick,Encore GX,SUV: Small,1.2,3.0,AV,X,184.0
Buick,Encore GX,SUV: Small,1.3,3.0,AV,X,185.0
Buick,Encore GX AWD,SUV: Small,1.3,3.0,A9,X,202.0
Buick,Envision,SUV: Small,2.0,4.0,AS9,X,211.0
Buick,Envision AWD,SUV: Small,2.0,4.0,AS9,X,222.0
Cadillac,CT4,Compact,2.0,4.0,AS8,Z,206.0
Cadillac,CT4,Compact,2.7,4.0,AS10,Z,221.0
Cadillac,CT4 AWD,Compact,2.0,4.0,AS8,Z,216.0
Cadillac,CT4 AWD,Compact,2.7,4.0,AS10,Z,231.0
Cadillac,CT4-V,Compact,2.7,4.0,AS10,Z,239.0
Cadillac,CT4-V AWD,Compact,2.7,4.0,AS10,Z,244.0
Cadillac,CT4-V Blackwing,Compact,3.6,6.0,AS10,Z,297.0
Cadillac,CT4-V Blackwing,Compact,3.6,6.0,M6,Z,303.0
Cadillac,CT5,Mid-size,2.0,4.0,AS10,Z,207.0
Cadillac,CT5,Mid-size,3.0,6.0,AS10,Z,252.0
Cadillac,CT5 AWD,Mid-size,2.0,4.0,AS10,Z,222.0
Cadillac,CT5 AWD,Mid-size,3.0,6.0,AS10,Z,265.0
Cadillac,CT5-V,Mid-size,3.0,6.0,AS10,Z,263.0
Cadillac,CT5-V AWD,Mid-size,3.0,6.0,AS10,Z,265.0
Cadillac,CT5-V Blackwing,Mid-size,6.2,8.0,AS10,Z,347.0
Cadillac,CT5-V Blackwing,Mid-size,6.2,8.0,M6,Z,368.0
Cadillac,Escalade 4WD,SUV: Standard,3.0,6.0,A10,D,281.0
Cadillac,Escalade 4WD,SUV: Standard,6.2,8.0,A10,Z,352.0
Cadillac,Escalade-V AWD,SUV: Standard,6.2,8.0,AS10,Z,436.0
Cadillac,XT4,SUV: Small,2.0,4.0,AS9,Z,214.0
Cadillac,XT4 AWD,SUV: Small,2.0,4.0,AS9,Z,228.0
Cadillac,XT5,SUV: Small,2.0,4.0,AS9,Z,228.0
Cadillac,XT5 AWD,SUV: Small,2.0,4.0,AS9,Z,237.0
Cadillac,XT5 AWD,SUV: Small,3.6,6.0,AS9,X,265.0
Cadillac,XT6 AWD,SUV: Small,2.0,4.0,AS9,Z,239.0
Cadillac,XT6 AWD,SUV: Small,3.6,6.0,AS9,X,269.0
Chevrolet,Blazer,SUV: Small,2.0,4.0,A9,X,227.0
Chevrolet,Blazer AWD,SUV: Small,2.0,4.0,A9,X,232.0
Chevrolet,Blazer AWD,SUV: Small,3.6,6.0,A9,X,259.0
Chevrolet,Camaro,Subcompact,2.0,4.0,AS8,Z,222.0
Chevrolet,Camaro,Subcompact,2.0,4.0,M6,Z,249.0
Chevrolet,Camaro,Subcompact,3.6,6.0,AS10,X,253.0
Chevrolet,Camaro,Subcompact,3.6,6.0,M6,X,281.0
Chevrolet,Camaro SS,Subcompact,6.2,8.0,AS10,Z,281.0
Chevrolet,Camaro SS,Subcompact,6.2,8.0,M6,Z,297.0
Chevrolet,Camaro ZL1,Subcompact,6.2,8.0,AS10,Z,355.0
Chevrolet,Camaro ZL1,Subcompact,6.2,8.0,M6,Z,349.0
Chevrolet,Colorado,Pickup truck: Small,2.7,4.0,A8,X,252.0
Chevrolet,Colorado (Turbo Plus),Pickup truck: Small,2.7,4.0,A8,X,277.0
Chevrolet,Colorado 4WD,Pickup truck: Small,2.7,4.0,A8,X,265.0
Chevrolet,Colorado 4WD (Turbo Plus),Pickup truck: Small,2.7,4.0,A8,X,290.0
Chevrolet,Colorado 4WD Mud Terrain Tire (Turbo Plus),Pickup truck: Small,2.7,4.0,A8,X,307.0
Chevrolet,Colorado ZR2 4WD,Pickup truck: Small,2.7,4.0,A8,X,335.0
Chevrolet,Corvette,Two-seater,6.2,8.0,AS8,Z,299.0
Chevrolet,Corvette Z06,Two-seater,5.5,8.0,AS8,Z,371.0
Chevrolet,Corvette Z06 Carbon Aero,Two-seater,5.5,8.0,AS8,Z,392.0
Chevrolet,Equinox,SUV: Small,1.5,4.0,A6,X,197.0
Chevrolet,Equinox AWD,SUV: Small,1.5,4.0,A6,X,211.0
Chevrolet,Malibu,Mid-size,1.5,4.0,AV,X,181.0
Chevrolet,Silverado,Pickup truck: Standard,2.7,4.0,A8,X,281.0
Chevrolet,Silverado,Pickup truck: Standard,3.0,6.0,A10,D,247.0
Chevrolet,Silverado,Pickup truck: Standard,5.3,8.0,A10,X,298.0
Chevrolet,Silverado FFV,Pickup truck: Standard,5.3,8.0,A10,X,308.0
Chevrolet,Silverado FFV,Pickup truck: Standard,5.3,8.0,A10,E,293.0
Chevrolet,Silverado 4WD,Pickup truck: Standard,2.7,4.0,A8,X,288.0
Chevrolet,Silverado 4WD Mud Terrain Tire,Pickup truck: Standard,2.7,4.0,A8,X,318.0
Chevrolet,Silverado 4WD,Pickup truck: Standard,3.0,6.0,A10,D,264.0
Chevrolet,Silverado 4WD Mud Terrain Tire,Pickup truck: Standard,3.0,6.0,A10,D,288.0
Chevrolet,Silverado 4WD,Pickup truck: Standard,5.3,8.0,A10,X,325.0
Chevrolet,Silverado 4WD FFV,Pickup truck: Standard,5.3,8.0,A10,X,326.0
Chevrolet,Silverado 4WD FFV,Pickup truck: Standard,5.3,8.0,A10,E,318.0
Chevrolet,Silverado 4WD Mud Terrain Tire,Pickup truck: Standard,5.3,8.0,A10,X,343.0
Chevrolet,Silverado 4WD Mud Terrain Tire FFV,Pickup truck: Standard,5.3,8.0,A10,X,326.0
Chevrolet,Silverado 4WD Mud Terrain Tire FFV,Pickup truck: Standard,5.3,8.0,A10,E,318.0
Chevrolet,Silverado 4WD,Pickup truck: Standard,6.2,8.0,A10,Z,319.0
Chevrolet,Silverado 4WD Mud Terrain Tire,Pickup truck: Standard,6.2,8.0,A10,Z,349.0
Chevrolet,Silverado 4WD ZR2,Pickup truck: Standard,6.2,8.0,A10,Z,364.0
Chevrolet,Suburban,SUV: Standard,3.0,6.0,A10,D,272.0
Chevrolet,Suburban,SUV: Standard,5.3,8.0,A10,X,327.0
Chevrolet,Suburban 4WD,SUV: Standard,3.0,6.0,A10,D,281.0
Chevrolet,Suburban 4WD,SUV: Standard,5.3,8.0,A10,X,339.0
Chevrolet,Suburban 4WD,SUV: Standard,6.2,8.0,A10,Z,352.0
Chevrolet,Tahoe,SUV: Standard,3.0,6.0,A10,D,265.0
Chevrolet,Tahoe,SUV: Standard,5.3,8.0,A10,X,327.0
Chevrolet,Tahoe 4WD,SUV: Standard,3.0,6.0,A10,D,281.0
Chevrolet,Tahoe 4WD,SUV: Standard,5.3,8.0,A10,X,327.0
Chevrolet,Tahoe 4WD,SUV: Standard,6.2,8.0,A10,Z,352.0
Chevrolet,Trailblazer,SUV: Small,1.2,3.0,AV,X,184.0
Chevrolet,Trailblazer,SUV: Small,1.3,3.0,AV,X,180.0
Chevrolet,Trailblazer AWD,SUV: Small,1.3,3.0,A9,X,197.0
Chevrolet,Traverse AWD,SUV: Standard,3.6,6.0,A9,X,277.0
Chrysler,300,Full-size,3.6,6.0,A8,X,242.0
Chrysler,300,Full-size,5.7,8.0,A8,X,289.0
Chrysler,300 AWD,Full-size,3.6,6.0,A8,X,258.0
Chrysler,300C,Full-size,6.4,8.0,A8,Z,307.0
Chrysler,Grand Caravan,Minivan,3.6,6.0,A9,X,249.0
Chrysler,Pacifica,Minivan,3.6,6.0,A9,X,249.0
Chrysler,Pacifica AWD,Minivan,3.6,6.0,A9,X,279.0
Dodge,Challenger,Mid-size,3.6,6.0,A8,X,242.0
Dodge,Challenger (MDS),Mid-size,5.7,8.0,A8,X,289.0
Dodge,Challenger,Mid-size,5.7,8.0,M6,Z,307.0
Dodge,Challenger (MDS),Mid-size,6.4,8.0,A8,Z,307.0
Dodge,Challenger,Mid-size,6.4,8.0,M6,Z,325.0
Dodge,Challenger AWD,Mid-size,3.6,6.0,A8,X,258.0
Dodge,Challenger Widebody (MDS),Mid-size,6.4,8.0,A8,Z,307.0
Dodge,Challenger Widebody,Mid-size,6.4,8.0,M6,Z,325.0
Dodge,Challenger SRT Hellcat,Mid-size,6.2,8.0,A8,Z,339.0
Dodge,Challenger SRT Hellcat,Mid-size,6.2,8.0,M6,Z,352.0
Dodge,Challenger SRT Hellcat Widebody,Mid-size,6.2,8.0,A8,Z,359.0
Dodge,Challenger SRT Hellcat Widebody,Mid-size,6.2,8.0,M6,Z,352.0
Dodge,Charger,Full-size,3.6,6.0,A8,X,242.0
Dodge,Charger (MDS),Full-size,5.7,8.0,A8,X,289.0
Dodge,Charger (MDS),Full-size,6.4,8.0,A8,Z,307.0
Dodge,Charger AWD,Full-size,3.6,6.0,A8,X,258.0
Dodge,Charger Widebody (MDS),Full-size,6.4,8.0,A8,Z,307.0
Dodge,Charger SRT Hellcat Widebody,Full-size,6.2,8.0,A8,Z,368.0
Dodge,Durango AWD,SUV: Standard,3.6,6.0,A8,X,266.0
Dodge,Durango AWD,SUV: Standard,5.7,8.0,A8,X,331.0
Dodge,Durango AWD SRT,SUV: Standard,6.4,8.0,A8,Z,363.0
Dodge,Durango AWD SRT Hellcat,SUV: Standard,6.2,8.0,A8,Z,410.0
Dodge,Hornet AWD,SUV: Small,2.0,4.0,A9,X,231.0
FIAT,500X AWD,SUV: Small,1.3,4.0,A9,X,221.0
Ford,Bronco 4WD,SUV: Small,2.3,4.0,AS10,X,273.0
Ford,Bronco 4WD,SUV: Small,2.3,4.0,M7,X,272.0
Ford,Bronco 4WD,SUV: Small,2.7,6.0,AS10,X,283.0
Ford,Bronco Badlands 4WD,SUV: Small,2.3,4.0,AS10,X,324.0
Ford,Bronco Badlands 4WD,SUV: Small,2.3,4.0,M7,X,336.0
Ford,Bronco Badlands 4WD,SUV: Small,2.7,6.0,AS10,X,331.0
Ford,Bronco Black Diamond 4WD,SUV: Small,2.3,4.0,AS10,X,308.0
Ford,Bronco Black Diamond 4WD,SUV: Small,2.3,4.0,M7,X,329.0
Ford,Bronco Black Diamond 4WD,SUV: Small,2.7,6.0,AS10,X,308.0
Ford,Bronco Raptor 4WD,SUV: Standard,3.0,6.0,AS10,X,358.0
Ford,Bronco Sasquatch 4WD,SUV: Small,2.3,4.0,AS10,X,314.0
Ford,Bronco Sasquatch 4WD,SUV: Small,2.3,4.0,M7,X,329.0
Ford,Bronco Sasquatch 4WD,SUV: Small,2.7,6.0,AS10,X,331.0
Ford,Bronco Sport 4WD,SUV: Small,1.5,3.0,A8,X,209.0
Ford,Bronco Sport 4WD,SUV: Small,2.0,4.0,AS8,X,240.0
Ford,Edge AWD,SUV: Small,2.0,4.0,A8,X,239.0
Ford,Edge AWD,SUV: Small,2.0,4.0,AS8,X,238.0
Ford,Edge AWD,SUV: Small,2.7,6.0,AS8,X,262.0
Ford,Escape,SUV: Small,1.5,3.0,A8,X,188.0
Ford,Escape AWD,SUV: Small,1.5,3.0,A8,X,197.0
Ford,Escape AWD,SUV: Small,2.0,4.0,A8,X,211.0
Ford,Escape Hybrid,SUV: Small,2.5,4.0,AV,X,140.0
Ford,Escape Hybrid AWD,SUV: Small,2.5,4.0,AV,X,140.0
Ford,Expedition 4X4,SUV: Standard,3.5,6.0,AS10,X,302.0
Ford,Expedition 4X4 (Without Stop-Start),SUV: Standard,3.5,6.0,AS10,X,318.0
Ford,Expedition Timberline 4X4,SUV: Standard,3.5,6.0,AS10,X,318.0
Ford,Expedition Timberline 4X4 (Without Stop-Start),SUV: Standard,3.5,6.0,AS10,X,327.0
Ford,Explorer AWD,SUV: Standard,2.3,4.0,A10,X,241.0
Ford,Explorer AWD (Without Stop-Start),SUV: Standard,2.3,4.0,A10,X,251.0
Ford,Explorer AWD,SUV: Standard,3.0,6.0,A10,X,277.0
Ford,Explorer AWD (Without Stop-Start),SUV: Standard,3.0,6.0,A10,X,280.0
Ford,Explorer AWD,SUV: Standard,3.0,6.0,AS10,X,277.0
Ford,Explorer AWD (Without Stop-Start),SUV: Standard,3.0,6.0,AS10,X,282.0
Ford,Explorer Timberline AWD,SUV: Standard,2.3,4.0,AS10,X,269.0
Ford,Explorer Timberline AWD (Without Stop-Start),SUV: Standard,2.3,4.0,AS10,X,277.0
Ford,Explorer Hybrid AWD,SUV: Standard,3.3,6.0,A10,X,225.0
Ford,F-150,Pickup truck: Standard,2.7,6.0,AS10,X,252.0
Ford,F-150 (Without Stop-Start),Pickup truck: Standard,2.7,6.0,AS10,X,269.0
Ford,F-150 FFV,Pickup truck: Standard,3.3,6.0,AS10,X,261.0
Ford,F-150 FFV,Pickup truck: Standard,3.3,6.0,AS10,E,244.0
Ford,F-150 FFV (Without Stop-Start),Pickup truck: Standard,3.3,6.0,AS10,X,268.0
Ford,F-150 FFV (Without Stop-Start),Pickup truck: Standard,3.3,6.0,AS10,E,253.0
Ford,F-150,Pickup truck: Standard,3.5,6.0,AS10,X,281.0
Ford,F-150 FFV,Pickup truck: Standard,5.0,8.0,AS10,X,291.0
Ford,F-150 FFV,Pickup truck: Standard,5.0,8.0,AS10,E,270.0
Ford,F-150 FFV (Without Stop-Start),Pickup truck: Standard,5.0,8.0,AS10,X,300.0
Ford,F-150 FFV (Without Stop-Start),Pickup truck: Standard,5.0,8.0,AS10,E,279.0
Ford,F-150 4X4,Pickup truck: Standard,2.7,6.0,AS10,X,271.0
Ford,F-150 4X4 (Without Stop-Start),Pickup truck: Standard,2.7,6.0,AS10,X,280.0
Ford,F-150 4X4 FFV,Pickup truck: Standard,3.3,6.0,AS10,X,277.0
Ford,F-150 4X4 FFV,Pickup truck: Standard,3.3,6.0,AS10,E,247.0
Ford,F-150 4X4,Pickup truck: Standard,3.5,6.0,AS10,X,284.0
Ford,F-150 4X4 (Without Stop-Start),Pickup truck: Standard,3.5,6.0,AS10,X,308.0
Ford,F-150 4X4 FFV,Pickup truck: Standard,5.0,8.0,AS10,X,298.0
Ford,F-150 4X4 FFV,Pickup truck: Standard,5.0,8.0,AS10,E,278.0
Ford,F-150 4X4 FFV (Without Stop-Start),Pickup truck: Standard,5.0,8.0,AS10,X,309.0
Ford,F-150 4X4 FFV (Without Stop-Start),Pickup truck: Standard,5.0,8.0,AS10,E,286.0
Ford,F-150 Raptor 4X4,Pickup truck: Standard,3.5,6.0,AS10,X,344.0
Ford,F-150 Raptor 4X4 (Without Stop-Start),Pickup truck: Standard,3.5,6.0,AS10,X,357.0
Ford,F-150 Raptor 37 4X4,Pickup truck: Standard,3.5,6.0,AS10,X,359.0
Ford,F-150 Raptor 37 4X4 (Without Stop-Start),Pickup truck: Standard,3.5,6.0,AS10,X,370.0
Ford,F-150 Raptor R 4X4,Pickup truck: Standard,5.2,8.0,AS10,X,460.0
Ford,F-150 Tremor 4X4,Pickup truck: Standard,3.5,6.0,AS10,X,309.0
Ford,F-150 Tremor 4X4 (Without Stop-Start),Pickup truck: Standard,3.5,6.0,AS10,X,311.0
Ford,F-150 Tremor 4X4 FFV,Pickup truck: Standard,5.0,8.0,AS10,X,321.0
Ford,F-150 Tremor 4X4 FFV,Pickup truck: Standard,5.0,8.0,AS10,E,295.0
Ford,F-150 Tremor 4X4 FFV (Without Stop-Start),Pickup truck: Standard,5.0,8.0,AS10,X,322.0
Ford,F-150 Tremor 4X4 FFV (Without Stop-Start),Pickup truck: Standard,5.0,8.0,AS10,E,298.0
Ford,F-150 Hybrid,Pickup truck: Standard,3.5,6.0,AS10,X,236.0
Ford,F-150 Hybrid 4X4,Pickup truck: Standard,3.5,6.0,AS10,X,245.0
Ford,Maverick AWD,Pickup truck: Small,2.0,4.0,A8,X,230.0
Ford,Maverick Tremor AWD,Pickup truck: Small,2.0,4.0,A8,X,257.0
Ford,Maverick Hybrid,Pickup truck: Small,2.5,4.0,AV,X,149.0
Ford,Mustang,Subcompact,2.3,4.0,A10,X,220.0
Ford,Mustang,Subcompact,2.3,4.0,AS10,X,235.0
Ford,Mustang (High Performance),Subcompact,2.3,4.0,AS10,X,242.0
Ford,Mustang,Subcompact,2.3,4.0,M6,X,238.0
Ford,Mustang (High Performance),Subcompact,2.3,4.0,M6,X,246.0
Ford,Mustang,Subcompact,5.0,8.0,AS10,X,299.0
Ford,Mustang,Subcompact,5.0,8.0,M6,X,317.0
Ford,Mustang Convertible,Subcompact,2.3,4.0,A10,X,240.0
Ford,Mustang Convertible,Subcompact,2.3,4.0,AS10,X,244.0
Ford,Mustang Convertible (High Performance),Subcompact,2.3,4.0,AS10,X,252.0
Ford,Mustang Convertible,Subcompact,2.3,4.0,M6,X,244.0
Ford,Mustang Convertible (High Performance),Subcompact,2.3,4.0,M6,X,256.0
Ford,Mustang Convertible,Subcompact,5.0,8.0,AS10,X,313.0
Ford,Mustang Mach 1,Subcompact,5.0,8.0,AS10,X,303.0
Ford,Mustang Mach 1,Subcompact,5.0,8.0,M6,X,343.0
Ford,Ranger 4WD,Pickup truck: Standard,2.3,4.0,AS10,X,255.0
Ford,Ranger 4WD (Without Stop-Start),Pickup truck: Standard,2.3,4.0,AS10,X,261.0
Ford,Ranger Tremor 4WD,Pickup truck: Standard,2.3,4.0,AS10,X,293.0
Ford,Transit Connect Van,Special purpose vehicle,2.0,4.0,AS8,X,221.0
Ford,Transit Connect Wagon LWB,Special purpose vehicle,2.0,4.0,AS8,X,216.0
Genesis,G70 AWD,Compact,2.0,4.0,AS8,Z,236.0
Genesis,G70 AWD,Compact,3.3,6.0,AS8,Z,273.0
Genesis,G80 AWD,Full-size,2.5,4.0,AS8,Z,225.0
Genesis,G80 AWD,Full-size,3.5,6.0,AS8,Z,298.0
Genesis,G90,Full-size,3.5,6.0,AM8,Z,274.0
Genesis,GV70 AWD,SUV: Small,2.5,4.0,AS8,Z,229.0
Genesis,GV70 AWD,SUV: Small,3.5,6.0,AS8,Z,275.0
Genesis,GV80 AWD,SUV: Standard,2.5,4.0,AS8,Z,248.0
Genesis,GV80 AWD,SUV: Standard,3.5,6.0,AS8,Z,279.0
GMC,Acadia AWD,SUV: Standard,2.0,4.0,A9,X,232.0
GMC,Acadia AWD,SUV: Standard,3.6,6.0,A9,X,259.0
GMC,Canyon,Pickup truck: Small,2.7,4.0,A8,X,277.0
GMC,Canyon 4WD,Pickup truck: Small,2.7,4.0,A8,X,290.0
GMC,Canyon 4WD Mud Terrain Tire,Pickup truck: Small,2.7,4.0,A8,X,308.0
GMC,Canyon AT4X 4WD,Pickup truck: Small,2.7,4.0,A8,X,335.0
GMC,Sierra,Pickup truck: Standard,2.7,4.0,A8,X,281.0
GMC,Sierra,Pickup truck: Standard,3.0,6.0,A10,D,247.0
GMC,Sierra,Pickup truck: Standard,5.3,8.0,A10,X,303.0
GMC,Sierra FFV,Pickup truck: Standard,5.3,8.0,A10,X,308.0
GMC,Sierra FFV,Pickup truck: Standard,5.3,8.0,A10,E,293.0
GMC,Sierra 4WD,Pickup truck: Standard,2.7,4.0,A8,X,291.0
GMC,Sierra 4WD Mud Terrain Tire,Pickup truck: Standard,2.7,4.0,A8,X,318.0
GMC,Sierra 4WD,Pickup truck: Standard,3.0,6.0,A10,D,264.0
GMC,Sierra 4WD Mud Terrain Tire,Pickup truck: Standard,3.0,6.0,A10,D,288.0
GMC,Sierra 4WD,Pickup truck: Standard,5.3,8.0,A10,X,325.0
GMC,Sierra 4WD FFV,Pickup truck: Standard,5.3,8.0,A10,X,326.0
GMC,Sierra 4WD FFV,Pickup truck: Standard,5.3,8.0,A10,E,318.0
GMC,Sierra 4WD Mud Terrain Tire,Pickup truck: Standard,5.3,8.0,A10,X,346.0
GMC,Sierra 4WD Mud Terrain Tire FFV,Pickup truck: Standard,5.3,8.0,A10,X,326.0
GMC,Sierra 4WD Mud Terrain Tire FFV,Pickup truck: Standard,5.3,8.0,A10,E,318.0
GMC,Sierra 4WD,Pickup truck: Standard,6.2,8.0,A10,Z,330.0
GMC,Sierra 4WD Mud Terrain Tire,Pickup truck: Standard,6.2,8.0,A10,Z,364.0
GMC,Sierra 4WD AT4X,Pickup truck: Standard,6.2,8.0,A10,Z,364.0
GMC,Terrain,SUV: Small,1.5,4.0,A9,X,211.0
GMC,Terrain AWD,SUV: Small,1.5,4.0,A9,X,216.0
GMC,Yukon,SUV: Standard,3.0,6.0,A10,D,272.0
GMC,Yukon,SUV: Standard,5.3,8.0,A10,X,327.0
GMC,Yukon 4WD,SUV: Standard,3.0,6.0,A10,D,281.0
GMC,Yukon 4WD,SUV: Standard,5.3,8.0,A10,X,327.0
GMC,Yukon 4WD,SUV: Standard,6.2,8.0,A10,Z,352.0
GMC,Yukon XL,SUV: Standard,3.0,6.0,A10,D,272.0
GMC,Yukon XL,SUV: Standard,5.3,8.0,A10,X,327.0
GMC,Yukon XL 4WD,SUV: Standard,3.0,6.0,A10,D,281.0
GMC,Yukon XL 4WD,SUV: Standard,5.3,8.0,A10,X,339.0
GMC,Yukon XL 4WD,SUV: Standard,6.2,8.0,A10,Z,352.0
Honda,Accord,Full-size,1.5,4.0,AV,X,171.0
Honda,Accord Hybrid Sport/Touring,Mid-size,2.0,4.0,AV,X,124.0
Honda,Civic Hatchback,Full-size,1.5,4.0,AV7,X,166.0
Honda,Civic Hatchback,Full-size,1.5,4.0,M6,X,175.0
Honda,Civic Hatchback,Full-size,2.0,4.0,AV,X,167.0
Honda,Civic Hatchback,Full-size,2.0,4.0,M6,X,186.0
Honda,Civic Sedan,Mid-size,1.5,4.0,AV7,X,162.0
Honda,Civic Sedan,Mid-size,2.0,4.0,AV,X,162.0
Honda,Civic Sedan,Mid-size,2.0,4.0,AV7,X,165.0
Honda,Civic Sedan Si,Mid-size,1.5,4.0,M6,Z,180.0
Honda,Civic Type R,Full-size,2.0,4.0,M6,Z,224.0
Honda,CR-V,SUV: Small,1.5,4.0,AV,X,181.0
Honda,CR-V AWD,SUV: Small,1.5,4.0,AV,X,197.0
Honda,CR-V Hybrid AWD,SUV: Small,2.0,4.0,AV,X,151.0
Honda,HR-V,Station wagon: Small,2.0,4.0,AV,X,194.0
Honda,HR-V AWD,Station wagon: Small,2.0,4.0,AV,X,203.0
Honda,Odyssey,Minivan,3.5,6.0,AS10,X,248.0
Honda,Passport AWD,SUV: Small,3.5,6.0,AS9,X,265.0
Honda,Pilot AWD,SUV: Standard,3.5,6.0,AS10,X,258.0
Honda,Pilot AWD Touring/Elite/Black,SUV: Standard,3.5,6.0,AS10,X,262.0
Honda,Pilot AWD TrailSport,SUV: Standard,3.5,6.0,AS10,X,275.0
Honda,Ridgeline AWD,Pickup truck: Standard,3.5,6.0,AS9,X,271.0
Hyundai,Elantra,Mid-size,1.6,4.0,AM7,X,179.0
Hyundai,Elantra,Mid-size,2.0,4.0,AV1,X,158.0
Hyundai,Elantra (ISG),Mid-size,2.0,4.0,AV1,X,151.0
Hyundai,Elantra N,Mid-size,2.0,4.0,AM8,Z,241.0
Hyundai,Elantra N,Mid-size,2.0,4.0,M6,Z,223.0
Hyundai,Elantra Hybrid,Mid-size,1.6,4.0,AM6,X,110.0
Hyundai,Kona,SUV: Small,2.0,4.0,AV,X,174.0
Hyundai,Kona N,SUV: Small,2.0,4.0,AM8,Z,246.0
Hyundai,Kona AWD,SUV: Small,1.6,4.0,AM7,X,193.0
Hyundai,Kona AWD,SUV: Small,2.0,4.0,AV,X,187.0
Hyundai,Palisade AWD,SUV: Small,3.8,6.0,AS8,X,263.0
Hyundai,Santa Cruz AWD,Pickup truck: Small,2.5,4.0,AM8,X,250.0
Hyundai,Santa Fe AWD,SUV: Small,2.5,4.0,AM8,X,233.0
Hyundai,Santa Fe AWD,SUV: Small,2.5,4.0,AS8,X,235.0
Hyundai,Santa Fe Hybrid,SUV: Small,1.6,4.0,AM6,X,176.0
Hyundai,Sonata,Full-size,1.6,4.0,AS8,X,186.0
Hyundai,Sonata,Full-size,2.5,4.0,AM8,X,208.0
Hyundai,Sonata,Full-size,2.5,4.0,AS8,X,182.0
Hyundai,Sonata Hybrid,Full-size,2.0,4.0,AM6,X,117.0
Hyundai,Tucson,SUV: Small,2.5,4.0,AS8,X,200.0
Hyundai,Tucson AWD,SUV: Small,2.5,4.0,AS8,X,218.0
Hyundai,Tucson Hybrid,SUV: Small,1.6,4.0,AM6,X,152.0
Hyundai,Venue,Mid-size,1.6,4.0,AV1,X,177.0
Infiniti,Q50 AWD,Mid-size,3.0,6.0,AS7,Z,254.0
Infiniti,Q50 AWD Red Sport,Mid-size,3.0,6.0,AS7,Z,261.0
Infiniti,QX50 AWD,SUV: Small,2.0,4.0,AV8,Z,228.0
Infiniti,QX55 AWD,SUV: Small,2.0,4.0,AV8,Z,222.0
Infiniti,QX60 AWD,SUV: Standard,3.5,6.0,AS9,Z,251.0
Infiniti,QX80 4WD,SUV: Standard,5.6,8.0,AS7,Z,355.0
Jaguar,E-PACE P250,SUV: Small,2.0,4.0,AS9,Z,247.0
Jaguar,F-PACE P250,SUV: Small,2.0,4.0,AS8,Z,227.0
Jaguar,F-PACE P400,SUV: Small,3.0,6.0,AS8,Z,253.0
Jaguar,F-PACE P550 SVR,SUV: Small,5.0,8.0,AS8,Z,316.0
Jaguar,F-TYPE P450 Convertible,Two-seater,5.0,8.0,AS8,Z,286.0
Jaguar,F-TYPE P450 Convertible AWD,Two-seater,5.0,8.0,AS8,Z,299.0
Jaguar,F-TYPE P450 Coupe,Two-seater,5.0,8.0,AS8,Z,286.0
Jaguar,F-TYPE P450 Coupe AWD,Two-seater,5.0,8.0,AS8,Z,299.0
Jaguar,F-TYPE R Convertible AWD,Two-seater,5.0,8.0,AS8,Z,299.0
Jaguar,F-TYPE R Coupe AWD,Two-seater,5.0,8.0,AS8,Z,299.0
Jaguar,XF P250,Mid-size,2.0,4.0,AS8,Z,197.0
Jaguar,XF P300 AWD,Mid-size,2.0,4.0,AS8,Z,219.0
Jeep,Cherokee 4X4 Active Drive I,SUV: Small,2.4,4.0,A9,X,230.0
Jeep,Cherokee 4X4 Trailhawk Active Drive Lock,SUV: Small,2.0,4.0,A9,X,249.0
Jeep,Compass 4X4,SUV: Small,2.0,4.0,A8,X,205.0
Jeep,Gladiator 4X4 EcoDiesel,Pickup truck: Standard,3.0,6.0,A8,D,263.0
Jeep,Gladiator 4X4 Rubicon EcoDiesel,Pickup truck: Standard,3.0,6.0,A8,D,271.0
Jeep,Gladiator 4X4,Pickup truck: Standard,3.6,6.0,A8,X,290.0
Jeep,Gladiator 4X4,Pickup truck: Standard,3.6,6.0,M6,X,296.0
Jeep,Grand Cherokee 4X4,SUV: Standard,3.6,6.0,A8,X,256.0
Jeep,Grand Cherokee 4X4,SUV: Standard,5.7,8.0,A8,X,331.0
Jeep,Grand Cherokee L 4X4,SUV: Standard,3.6,6.0,A8,X,266.0
Jeep,Grand Cherokee L 4X4,SUV: Standard,5.7,8.0,A8,X,331.0
Jeep,Grand Wagoneer 4X4 (High Output),SUV: Standard,3.0,6.0,A8,Z,334.0
Jeep,Grand Wagoneer 4X4,SUV: Standard,6.4,8.0,A8,Z,374.0
Jeep,Grand Wagoneer L 4X4 (High Output),SUV: Standard,3.0,6.0,A8,Z,352.0
Jeep,Renegade 4X4,SUV: Small,1.3,4.0,A9,X,222.0
Jeep,Renegade 4X4 Trailhawk,SUV: Small,1.3,4.0,A9,X,231.0
Jeep,Wagoneer 4X4,SUV: Standard,3.0,6.0,A8,X,293.0
Jeep,Wagoneer 4X4,SUV: Standard,5.7,8.0,A8,X,324.0
Jeep,Wagoneer L 4X4,SUV: Standard,3.0,6.0,A8,X,297.0
Jeep,Wrangler JL 4X4,SUV: Small,2.0,4.0,A8,X,241.0
Jeep,Wrangler JL 4X4,SUV: Small,3.6,6.0,A8,X,274.0
Jeep,Wrangler JL 4X4 eTorque,SUV: Small,3.6,6.0,A8,X,258.0
Jeep,Wrangler JL 4X4,SUV: Small,3.6,6.0,M6,X,277.0
Jeep,Wrangler JL Unlimited 4X4,SUV: Small,2.0,4.0,A8,X,251.0
Jeep,Wrangler JL Unlimited 4X4 EcoDiesel,SUV: Small,3.0,6.0,A8,D,255.0
Jeep,Wrangler JL Unlimited 4X4 Rubicon EcoDiesel,SUV: Small,3.0,6.0,A8,D,275.0
Jeep,Wrangler JL Unlimited 4X4,SUV: Small,3.6,6.0,A8,X,275.0
Jeep,Wrangler JL Unlimited 4X4 eTorque,SUV: Small,3.6,6.0,A8,X,262.0
Jeep,Wrangler JL Unlimited 4X4,SUV: Small,3.6,6.0,M6,X,285.0
Jeep,Wrangler JL Unlimited 4X4 392,SUV: Small,6.4,8.0,A8,Z,387.0
Kia,Carnival,Minivan,3.5,6.0,AS8,X,252.0
Kia,Forte,Mid-size,1.6,4.0,AM7,X,184.0
Kia,Forte,Mid-size,2.0,4.0,AV,X,170.0
Kia,Forte 5,Full-size,1.6,4.0,AM7,X,190.0
Kia,Forte 5,Full-size,2.0,4.0,AV,X,182.0
Kia,K5,Full-size,2.5,4.0,AM8,X,207.0
Kia,K5 AWD,Full-size,1.6,4.0,AS8,X,196.0
Kia,Niro,Station wagon: Small,1.6,4.0,AM6,X,112.0
Kia,Niro FE,Station wagon: Small,1.6,4.0,AM6,X,104.0
Kia,Rio,Compact,1.6,4.0,AV1,X,160.0
Kia,Rio,Compact,1.6,4.0,M6,X,166.0
Kia,Seltos,SUV: Small,2.0,4.0,AV8,X,182.0
Kia,Seltos AWD,SUV: Small,1.6,4.0,AM7,X,205.0
Kia,Seltos AWD,SUV: Small,2.0,4.0,AV8,X,195.0
Kia,Sorento AWD,SUV: Small,2.5,4.0,AM8,X,234.0
Kia,Sorento AWD,SUV: Small,2.5,4.0,AS8,X,227.0
Kia,Sorento Hybrid AWD,SUV: Small,1.6,4.0,AM6,X,157.0
Kia,Soul,Station wagon: Small,2.0,4.0,AV,X,187.0
Kia,Sportage,SUV: Small,2.5,4.0,AS8,X,198.0
Kia,Sportage AWD,SUV: Small,2.5,4.0,AS8,X,224.0
Kia,Sportage Hybrid AWD,SUV: Small,1.6,4.0,AM6,X,145.0
Kia,Stinger AWD,Mid-size,3.3,6.0,AS8,Z,280.0
Kia,Telluride AWD,SUV: Small,3.8,6.0,AS8,X,269.0
Lamborghini,Huracán EVO Coupe,Two-seater,5.2,10.0,AM7,Z,368.0
Lamborghini,Huracán EVO Coupe AWD,Two-seater,5.2,10.0,AM7,Z,370.0
Lamborghini,Huracán EVO Spyder,Two-seater,5.2,10.0,AM7,Z,368.0
Lamborghini,Huracán EVO Spyder AWD,Two-seater,5.2,10.0,AM7,Z,370.0
Lamborghini,Urus Performante,SUV: Standard,4.0,8.0,AS8,Z,345.0
Lamborghini,Urus S,SUV: Standard,4.0,8.0,AS8,Z,345.0
Land Rover,Defender 90 P300,SUV: Standard,2.0,4.0,AS8,Z,289.0
Land Rover,Defender 90 P400,SUV: Standard,3.0,6.0,AS8,Z,276.0
Land Rover,Defender 90 5.0L V8,SUV: Standard,5.0,8.0,AS8,Z,339.0
Land Rover,Defender 110 P300,SUV: Standard,2.0,4.0,AS8,Z,306.0
Land Rover,Defender 110 P400,SUV: Standard,3.0,6.0,AS8,Z,276.0
Land Rover,Defender 110 5.0L V8,SUV: Standard,5.0,8.0,AS8,Z,350.0
Land Rover,Discovery P300,SUV: Standard,2.0,4.0,AS8,Z,271.0
Land Rover,Discovery P360,SUV: Standard,3.0,6.0,AS8,Z,258.0
Land Rover,Discovery Sport P250,SUV: Small,2.0,4.0,AS9,Z,271.0
Land Rover,Range Rover P400,SUV: Standard,3.0,6.0,AS8,Z,265.0
Land Rover,Range Rover P400 LWB,SUV: Standard,3.0,6.0,AS8,Z,265.0
Land Rover,Range Rover P530,SUV: Standard,4.4,8.0,AS8,Z,316.0
Land Rover,Range Rover P530 LWB,SUV: Standard,4.4,8.0,AS8,Z,314.0
Land Rover,Range Rover Sport P360,SUV: Standard,3.0,6.0,AS8,Z,254.0
Land Rover,Range Rover Sport HST P400,SUV: Standard,3.0,6.0,AS8,Z,265.0
Land Rover,Range Rover Sport P530,SUV: Standard,4.4,8.0,AS8,Z,316.0
Land Rover,Range Rover Evoque P250,SUV: Small,2.0,4.0,AS9,Z,247.0
Land Rover,Range Rover Evoque P300,SUV: Small,2.0,4.0,AS9,Z,244.0
Land Rover,Range Rover Velar P250,SUV: Small,2.0,4.0,AS8,Z,244.0
Land Rover,Range Rover Velar P340,SUV: Small,3.0,6.0,AS8,Z,248.0
Land Rover,Range Rover Velar P400,SUV: Small,3.0,6.0,AS8,Z,265.0
Lexus,ES 250 AWD,Mid-size,2.5,4.0,AS8,X,195.0
Lexus,ES 300h,Mid-size,2.5,4.0,AV6,X,124.0
Lexus,ES 350,Mid-size,3.5,6.0,AS8,X,214.0
Lexus,ES 350 F SPORT,Mid-size,3.5,6.0,AS8,X,219.0
Lexus,GX 460,SUV: Standard,4.6,8.0,AS6,Z,337.0
Lexus,IS 300,Compact,2.0,4.0,AS8,Z,221.0
Lexus,IS 300 AWD,Compact,3.5,6.0,AS6,Z,253.0
Lexus,IS 350 AWD,Compact,3.5,6.0,AS6,Z,253.0
Lexus,IS 500,Compact,5.0,8.0,AS8,Z,280.0
Lexus,LC 500,Subcompact,5.0,8.0,AS10,Z,294.0
Lexus,LC 500 Convertible,Minicompact,5.0,8.0,AS10,Z,304.0
Lexus,LC 500h,Subcompact,3.5,6.0,AV10,Z,189.0
Lexus,LS 500 AWD,Mid-size,3.4,6.0,AS10,Z,270.0
Lexus,LS 500h AWD,Mid-size,3.5,6.0,AV10,Z,217.0
Lexus,LX 600,SUV: Standard,3.4,6.0,AS10,Z,298.0
Lexus,NX 250 AWD,SUV: Small,2.5,4.0,AS8,X,198.0
Lexus,NX 350 AWD,SUV: Small,2.4,4.0,AS8,Z,221.0
Lexus,NX 350 AWD F SPORT,SUV: Small,2.4,4.0,AS8,Z,222.0
Lexus,NX 350h AWD,SUV: Small,2.5,4.0,AV6,Z,139.0
Lexus,RC 300 AWD,Subcompact,3.5,6.0,AS6,Z,253.0
Lexus,RC 350 AWD,Subcompact,3.5,6.0,AS6,Z,253.0
Lexus,RC F,Subcompact,5.0,8.0,AS8,Z,285.0
Lexus,RX 350 AWD,SUV: Small,2.4,4.0,AS8,Z,231.0
Lexus,RX 350h AWD,SUV: Small,2.5,4.0,AV6,Z,151.0
Lexus,RX 500h AWD,SUV: Small,2.4,4.0,AS6,Z,199.0
Lexus,UX 250h AWD,Compact,2.0,4.0,AV6,X,140.0
Lincoln,Aviator AWD,SUV: Standard,3.0,6.0,AS10,X,280.0
Lincoln,Aviator AWD (Without Stop-Start),SUV: Standard,3.0,6.0,AS10,X,292.0
Lincoln,Corsair AWD,SUV: Small,2.0,4.0,AS8,X,232.0
Lincoln,Nautilus AWD,SUV: Small,2.0,4.0,A8,X,249.0
Lincoln,Nautilus AWD,SUV: Small,2.0,4.0,AS8,X,249.0
Lincoln,Nautilus AWD,SUV: Small,2.7,6.0,AS8,X,262.0
Lincoln,Navigator 4X4,SUV: Standard,3.5,6.0,AS10,X,310.0
Lincoln,Navigator 4X4 (Without Stop-Start),SUV: Standard,3.5,6.0,AS10,X,320.0
Maserati,Ghibli GT,Mid-size,3.0,6.0,A8,Z,271.0
Maserati,Ghibli Modena,Mid-size,3.0,6.0,A8,Z,271.0
Maserati,Ghibli Modena AWD,Mid-size,3.0,6.0,A8,Z,284.0
Maserati,Ghibli Trofeo,Mid-size,3.8,8.0,A8,Z,348.0
Maserati,Grecale GT,SUV: Small,2.0,4.0,A8,Z,218.0
Maserati,Grecale Modena,SUV: Small,2.0,4.0,A8,Z,218.0
Maserati,Grecale Trofeo,SUV: Small,3.0,6.0,A8,Z,268.0
Maserati,Levante GT,SUV: Standard,3.0,6.0,A8,Z,308.0
Maserati,Levante Modena,SUV: Standard,3.0,6.0,A8,Z,308.0
Maserati,Levante Modena V8,SUV: Standard,3.8,8.0,A8,Z,349.0
Maserati,Levante Trofeo,SUV: Standard,3.8,8.0,A8,Z,349.0
Maserati,MC20,Two-seater,3.0,6.0,AS8,Z,295.0
Maserati,MC20 Spyder,Two-seater,3.0,6.0,AS8,Z,299.0
Maserati,Quattroporte GT,Full-size,3.0,6.0,A8,Z,281.0
Maserati,Quattroporte Modena,Full-size,3.0,6.0,A8,Z,281.0
Maserati,Quattroporte Modena AWD,Full-size,3.0,6.0,A8,Z,284.0
Maserati,Quattroporte Trofeo,Full-size,3.8,8.0,A8,Z,348.0
Mazda,CX-30 4WD,SUV: Small,2.0,4.0,AS6,X,202.0
Mazda,CX-30 4WD,SUV: Small,2.5,4.0,AS6,X,192.0
Mazda,CX-30 Turbo 4WD,SUV: Small,2.5,4.0,AS6,X,220.0
Mazda,CX-5 4WD,SUV: Small,2.5,4.0,AS6,X,209.0
Mazda,CX-5 Turbo 4WD,SUV: Small,2.5,4.0,AS6,X,230.0
Mazda,CX-50 4WD,SUV: Small,2.5,4.0,AS6,X,209.0
Mazda,CX-50 Turbo 4WD,SUV: Small,2.5,4.0,AS6,X,220.0
Mazda,CX-9 4WD,SUV: Small,2.5,4.0,AS6,X,245.0
Mazda,Mazda3 4-Door,Compact,2.0,4.0,AS6,X,178.0
Mazda,Mazda3 4-Door (SIL),Compact,2.0,4.0,M6,X,180.0
Mazda,Mazda3 4-Door,Compact,2.5,4.0,AS6,X,179.0
Mazda,Mazda3 4-Door 4WD,Compact,2.5,4.0,AS6,X,185.0
Mazda,Mazda3 4-Door Turbo 4WD,Compact,2.5,4.0,AS6,X,207.0
Mazda,Mazda3 5-Door,Mid-size,2.0,4.0,AS6,X,181.0
Mazda,Mazda3 5-Door (SIL),Mid-size,2.0,4.0,M6,X,181.0
Mazda,Mazda3 5-Door,Mid-size,2.5,4.0,AS6,X,183.0
Mazda,Mazda3 5-Door (SIL),Mid-size,2.5,4.0,M6,X,184.0
Mazda,Mazda3 5-Door 4WD,Mid-size,2.5,4.0,AS6,X,190.0
Mazda,Mazda3 5-Door Turbo 4WD,Mid-size,2.5,4.0,AS6,X,209.0
Mazda,MX-5,Two-seater,2.0,4.0,AS6,Z,186.0
Mazda,MX-5 (SIL),Two-seater,2.0,4.0,M6,Z,189.0
Mercedes-Benz,AMG C 43 4MATIC Cabriolet,Subcompact,3.0,6.0,A9,Z,268.0
Mercedes-Benz,AMG C 43 4MATIC Coupe,Subcompact,3.0,6.0,A9,Z,257.0
Mercedes-Benz,AMG C 43 4MATIC Sedan,Compact,2.0,4.0,A9,Z,251.0
Mercedes-Benz,AMG CLA 35 4MATIC Coupe,Compact,2.0,4.0,AM7,Z,232.0
Mercedes-Benz,AMG CLA 45 4MATIC Coupe,Compact,2.0,4.0,AM8,Z,241.0
Mercedes-Benz,AMG CLS 53 4MATIC+ Coupe,Compact,3.0,6.0,A9,Z,241.0
Mercedes-Benz,AMG E 53 4MATIC+ Sedan,Mid-size,3.0,6.0,A9,Z,227.0
Mercedes-Benz,AMG E 53 4MATIC+ Cabriolet,Subcompact,3.0,6.0,A9,Z,242.0
Mercedes-Benz,AMG E 53 4MATIC+ Coupe,Subcompact,3.0,6.0,A9,Z,238.0
Mercedes-Benz,AMG E 63 4MATIC+ All-Terrain Wagon,Station wagon: Mid-size,4.0,8.0,A9,Z,312.0
Mercedes-Benz,AMG E 63 S 4MATIC+ Sedan,Mid-size,4.0,8.0,A9,Z,296.0
Mercedes-Benz,AMG G 63 SUV,SUV: Standard,4.0,8.0,A9,Z,415.0
Mercedes-Benz,AMG G 63 4x4 Squared SUV,SUV: Standard,4.0,8.0,A9,Z,508.0
Mercedes-Benz,AMG GLA 35 4MATIC SUV,Station wagon: Small,2.0,4.0,AM8,Z,222.0
Mercedes-Benz,AMG GLA 45 4MATIC SUV,Station wagon: Small,2.0,4.0,AM8,Z,256.0
Mercedes-Benz,AMG GLB 35 4MATIC SUV,Station wagon: Mid-size,2.0,4.0,AM8,Z,238.0
Mercedes-Benz,AMG GLC 43 4MATIC Coupe,SUV: Small,3.0,6.0,A9,Z,274.0
Mercedes-Benz,AMG GLE 53 4MATIC+ SUV,SUV: Standard,3.0,6.0,A9,Z,284.0
Mercedes-Benz,AMG GLE 53 4MATIC+ Coupe,SUV: Standard,3.0,6.0,A9,Z,277.0
Mercedes-Benz,AMG GLE 63 S 4MATIC+ SUV,SUV: Standard,4.0,8.0,A9,Z,343.0
Mercedes-Benz,AMG GLE 63 S 4MATIC+ Coupe,SUV: Standard,4.0,8.0,A9,Z,347.0
Mercedes-Benz,AMG GLS 63 4MATIC+ SUV,SUV: Standard,4.0,8.0,A9,Z,354.0
Mercedes-Benz,AMG GT 53 4MATIC+ Coupe,Compact,3.0,6.0,A9,Z,262.0
Mercedes-Benz,AMG GT 63 4MATIC+ Coupe,Compact,4.0,8.0,A9,Z,329.0
Mercedes-Benz,AMG GT 63 S 4MATIC+ Coupe,Compact,4.0,8.0,A9,Z,329.0
Mercedes-Benz,AMG SL 63 4MATIC+ Roadster,Minicompact,4.0,8.0,A9,Z,360.0
Mercedes-Benz,C 300 4MATIC Cabriolet,Subcompact,2.0,4.0,A9,Z,223.0
Mercedes-Benz,C 300 4MATIC Coupe,Subcompact,2.0,4.0,A9,Z,218.0
Mercedes-Benz,C 300 4MATIC Sedan,Compact,2.0,4.0,A9,Z,201.0
Mercedes-Benz,CLA 250 4MATIC Coupe,Compact,2.0,4.0,AM7,Z,200.0
Mercedes-Benz,CLS 450 4MATIC Coupe,Compact,3.0,6.0,A9,Z,229.0
Mercedes-Benz,E 350 4MATIC Sedan,Mid-size,2.0,4.0,A9,Z,228.0
Mercedes-Benz,E 450 4MATIC Cabriolet,Subcompact,3.0,6.0,A9,Z,233.0
Mercedes-Benz,E 450 4MATIC Coupe,Subcompact,3.0,6.0,A9,Z,225.0
Mercedes-Benz,E 450 4MATIC Sedan,Mid-size,3.0,6.0,A9,Z,219.0
Mercedes-Benz,E 450 4MATIC All-Terrain Wagon,Station wagon: Mid-size,3.0,6.0,A9,Z,233.0
Mercedes-Benz,G 550 SUV,SUV: Standard,4.0,8.0,A9,Z,383.0
Mercedes-Benz,GLA 250 4MATIC SUV,SUV: Small,2.0,4.0,AM8,Z,210.0
Mercedes-Benz,GLB 250 4MATIC SUV,SUV: Small,2.0,4.0,AM8,Z,221.0
Mercedes-Benz,GLC 300 4MATIC SUV,SUV: Small,2.0,4.0,A9,Z,229.0
Mercedes-Benz,GLC 300 4MATIC Coupe,SUV: Small,2.0,4.0,A9,Z,253.0
Mercedes-Benz,GLE 350 4MATIC SUV,SUV: Standard,2.0,4.0,A9,Z,257.0
Mercedes-Benz,GLE 450 4MATIC SUV,SUV: Standard,3.0,6.0,A9,Z,245.0
Mercedes-Benz,GLE 450 4MATIC Coupe,SUV: Standard,3.0,6.0,A9,Z,247.0
Mercedes-Benz,GLS 450 4MATIC SUV,SUV: Standard,3.0,6.0,A9,Z,270.0
Mercedes-Benz,GLS 580 4MATIC SUV,SUV: Standard,4.0,8.0,A9,Z,310.0
Mercedes-Benz,GLS 600 4MATIC Maybach SUV,SUV: Standard,4.0,8.0,A9,Z,346.0
Mercedes-Benz,Maybach S 580 4MATIC Sedan,Full-size,4.0,8.0,A9,Z,305.0
Mercedes-Benz,Maybach S 680 4MATIC Sedan,Full-size,6.0,12.0,A9,Z,384.0
Mercedes-Benz,Metris Cargo Van,Special purpose vehicle,2.0,4.0,A9,Z,271.0
Mercedes-Benz,Metris Cargo Van LWB,Special purpose vehicle,2.0,4.0,A9,Z,271.0
Mercedes-Benz,Metris Passenger Van,Special purpose vehicle,2.0,4.0,A9,Z,285.0
Mercedes-Benz,S 500 4MATIC Sedan,Full-size,3.0,6.0,A9,Z,242.0
Mercedes-Benz,S 580 4MATIC Sedan,Full-size,4.0,8.0,A9,Z,285.0
MINI,Cooper 3 Door,Subcompact,1.5,3.0,AM7,Z,170.0
MINI,Cooper 3 Door,Subcompact,1.5,3.0,M6,Z,177.0
MINI,Cooper 5 Door,Subcompact,1.5,3.0,AM7,Z,170.0
MINI,Cooper 5 Door,Subcompact,1.5,3.0,M6,Z,177.0
MINI,Cooper Clubman ALL4,Mid-size,1.5,3.0,AS8,Z,199.0
MINI,Cooper Convertible,Minicompact,1.5,3.0,AM7,Z,170.0
MINI,Cooper Convertible,Minicompact,1.5,3.0,M6,Z,177.0
MINI,Cooper Countryman,Mid-size,1.5,3.0,AM7,Z,194.0
MINI,Cooper Countryman ALL4,Mid-size,1.5,3.0,AS8,Z,209.0
MINI,Cooper S 3 Door,Subcompact,2.0,4.0,AM7,Z,174.0
MINI,Cooper S 3 Door,Subcompact,2.0,4.0,M6,Z,205.0
MINI,Cooper S 5 Door,Subcompact,2.0,4.0,AM7,Z,174.0
MINI,Cooper S 5 Door,Subcompact,2.0,4.0,M6,Z,205.0
MINI,Cooper S Clubman,Mid-size,2.0,4.0,AM7,Z,191.0
MINI,Cooper S Clubman,Mid-size,2.0,4.0,M6,Z,217.0
MINI,Cooper S Clubman ALL4,Mid-size,2.0,4.0,AS8,Z,206.0
MINI,Cooper S Convertible,Minicompact,2.0,4.0,AM7,Z,182.0
MINI,Cooper S Convertible,Minicompact,2.0,4.0,M6,Z,205.0
MINI,Cooper S Countryman,Mid-size,2.0,4.0,AM7,Z,199.0
MINI,Cooper S Countryman ALL4,Mid-size,2.0,4.0,AS8,Z,212.0
MINI,John Cooper Works 3 Door,Subcompact,2.0,4.0,AS8,Z,191.0
MINI,John Cooper Works 3 Door,Subcompact,2.0,4.0,M6,Z,216.0
MINI,John Cooper Works Clubman ALL4,Mid-size,2.0,4.0,AS8,Z,210.0
MINI,John Cooper Works Convertible,Minicompact,2.0,4.0,AS8,Z,200.0
MINI,John Cooper Works Countryman ALL4,Mid-size,2.0,4.0,AS8,Z,210.0
Mitsubishi,Eclipse Cross 4WD,SUV: Small,1.5,4.0,AV8,X,216.0
Mitsubishi,Mirage,Compact,1.2,3.0,AV,X,143.0
Mitsubishi,Mirage,Compact,1.2,3.0,M5,X,151.0
Mitsubishi,Outlander 4WD,SUV: Small,2.5,4.0,AV8,X,208.0
Mitsubishi,RVR,SUV: Small,2.0,4.0,AV6,X,207.0
Mitsubishi,RVR 4WD,SUV: Small,2.0,4.0,AV6,X,213.0
Mitsubishi,RVR 4WD,SUV: Small,2.4,4.0,AV6,X,218.0
Nissan,Altima AWD,Mid-size,2.5,4.0,AV,X,187.0
Nissan,Altima AWD SR/Platinum,Mid-size,2.5,4.0,AV,X,191.0
Nissan,Armada 4WD,SUV: Standard,5.6,8.0,AS7,Z,362.0
Nissan,Frontier,Pickup truck: Standard,3.8,6.0,AS9,X,260.0
Nissan,Frontier 4WD,Pickup truck: Standard,3.8,6.0,AS9,X,273.0
Nissan,Frontier 4WD Pro-4X,Pickup truck: Standard,3.8,6.0,AS9,X,283.0
Nissan,GT-R,Subcompact,3.8,6.0,AM6,Z,300.0
Nissan,Kicks,Mid-size,1.6,4.0,AV,X,169.0
Nissan,Maxima,Mid-size,3.5,6.0,AV7,Z,233.0
Nissan,Murano AWD,Station wagon: Mid-size,3.5,6.0,AV7,X,245.0
Nissan,Pathfinder 4WD,SUV: Small,3.5,6.0,AS9,X,246.0
Nissan,Pathfinder 4WD Rock Creek,SUV: Small,3.5,6.0,AS9,Z,260.0
Nissan,Qashqai,Station wagon: Small,2.0,4.0,AV8,X,188.0
Nissan,Qashqai AWD,Station wagon: Small,2.0,4.0,AV8,X,196.0
Nissan,Rogue,SUV: Small,1.5,3.0,AV8,X,170.0
Nissan,Rogue,SUV: Small,2.5,4.0,AV8,X,190.0
Nissan,Rogue AWD,SUV: Small,1.5,3.0,AV8,X,179.0
Nissan,Rogue AWD SL/Platinum,SUV: Small,1.5,3.0,AV8,X,181.0
Nissan,Rogue AWD,SUV: Small,2.5,4.0,AV8,X,195.0
Nissan,Sentra,Mid-size,2.0,4.0,AV,X,167.0
Nissan,Sentra SR,Mid-size,2.0,4.0,AV,X,171.0
Nissan,Sentra,Mid-size,2.0,4.0,M6,X,185.0
Nissan,Sentra SR,Mid-size,2.0,4.0,M6,X,189.0
Nissan,Versa,Compact,1.6,4.0,AV,X,158.0
Nissan,Versa,Compact,1.6,4.0,M5,X,181.0
Nissan,Z,Two-seater,3.0,6.0,AS9,Z,249.0
Nissan,Z,Two-seater,3.0,6.0,M6,Z,280.0
Porsche,911 Carrera,Minicompact,3.0,6.0,AM8,Z,275.0
Porsche,911 Carrera Cabriolet,Minicompact,3.0,6.0,AM8,Z,275.0
Porsche,911 Carrera S,Minicompact,3.0,6.0,AM8,Z,274.0
Porsche,911 Carrera S,Minicompact,3.0,6.0,M7,Z,264.0
Porsche,911 Carrera S Cabriolet,Minicompact,3.0,6.0,AM8,Z,273.0
Porsche,911 Carrera S Cabriolet,Minicompact,3.0,6.0,M7,Z,275.0
Ram,1500 eTorque,Pickup truck: Standard,3.6,6.0,A8,X,253.0
Ram,1500 eTorque,Pickup truck: Standard,5.7,8.0,A8,X,275.0
Ram,1500 4X4 EcoDiesel,Pickup truck: Standard,3.0,6.0,A8,D,260.0
Ram,1500 4X4 eTorque,Pickup truck: Standard,3.6,6.0,A8,X,259.0
Ram,1500 4X4,Pickup truck: Standard,5.7,8.0,A8,X,325.0
Ram,1500 4X4 eTorque,Pickup truck: Standard,5.7,8.0,A8,X,284.0
Ram,1500 4X4 TRX,Pickup truck: Standard,6.2,8.0,A8,Z,465.0
Ram,1500 Classic,Pickup truck: Standard,3.6,6.0,A8,X,276.0
Ram,1500 Classic,Pickup truck: Standard,5.7,8.0,A8,X,322.0
Ram,1500 Classic 4X4,Pickup truck: Standard,3.6,6.0,A8,X,294.0
Ram,1500 Classic 4X4,Pickup truck: Standard,5.7,8.0,A8,X,330.0
Rolls-Royce,Cullinan,Station wagon: Mid-size,6.7,12.0,AS8,Z,389.0
Rolls-Royce,Cullinan Black Badge,Station wagon: Mid-size,6.7,12.0,AS8,Z,389.0
Rolls-Royce,Ghost,Full-size,6.7,12.0,AS8,Z,388.0
Rolls-Royce,Ghost Black Badge,Full-size,6.7,12.0,AS8,Z,388.0
Rolls-Royce,Ghost Extended,Full-size,6.7,12.0,AS8,Z,388.0
Rolls-Royce,Phantom,Full-size,6.7,12.0,AS8,Z,397.0
Rolls-Royce,Phantom Extended,Full-size,6.7,12.0,AS8,Z,397.0
Subaru,Ascent AWD,SUV: Standard,2.4,4.0,AV8,X,256.0
Subaru,BRZ,Minicompact,2.4,4.0,AS6,Z,224.0
Subaru,BRZ,Minicompact,2.4,4.0,M6,Z,247.0
Subaru,Crosstrek AWD,SUV: Small,2.0,4.0,AV8,X,184.0
Subaru,Crosstrek AWD,SUV: Small,2.0,4.0,M6,X,220.0
Subaru,Crosstrek AWD,SUV: Small,2.5,4.0,AV8,X,187.0
Subaru,Forester AWD,SUV: Small,2.5,4.0,AV7,X,192.0
Subaru,Forester Wilderness AWD,SUV: Small,2.5,4.0,AV8,X,210.0
Subaru,Impreza 5-Door AWD,Station wagon: Small,2.0,4.0,AV7,X,178.0
Subaru,Impreza 5-Door AWD,Station wagon: Small,2.0,4.0,M5,X,211.0
Subaru,Legacy AWD,Full-size,2.4,4.0,AV8,X,209.0
Subaru,Legacy AWD,Full-size,2.5,4.0,AV8,X,183.0
Subaru,Outback AWD,SUV: Small,2.4,4.0,AV8,X,221.0
Subaru,Outback AWD,SUV: Small,2.5,4.0,AV8,X,195.0
Subaru,Outback Wilderness AWD,SUV: Small,2.4,4.0,AV8,X,235.0
Subaru,WRX AWD,Mid-size,2.4,4.0,AV8,Z,262.0
Subaru,WRX AWD,Mid-size,2.4,4.0,M6,Z,254.0
Toyota,4Runner 4WD,SUV: Standard,4.0,6.0,AS5,X,323.0
Toyota,4Runner 4WD (Part-Time 4WD),SUV: Standard,4.0,6.0,AS5,X,320.0
Toyota,Camry SE,Mid-size,2.5,4.0,AS8,X,174.0
Toyota,Camry XSE V6/TRD,Mid-size,3.5,6.0,AS8,X,220.0
Toyota,Camry AWD SE,Mid-size,2.5,4.0,AS8,X,192.0
Toyota,Camry AWD XSE,Mid-size,2.5,4.0,AS8,X,195.0
Toyota,Camry Hybrid LE,Mid-size,2.5,4.0,AV6,X,113.0
Toyota,Camry Hybrid SE/XLE/XSE,Mid-size,2.5,4.0,AV6,X,121.0
Toyota,Corolla (1-mode),Compact,2.0,4.0,AV10,X,158.0
Toyota,Corolla (3-mode),Compact,2.0,4.0,AV10,X,160.0
Toyota,Corolla Hatchback,Compact,2.0,4.0,AV10,X,159.0
Toyota,Corolla Hybrid,Compact,1.8,4.0,AV,X,110.0
Toyota,Corolla Hybrid AWD (2-mode),Compact,1.8,4.0,AV,X,115.0
Toyota,Corolla Hybrid AWD (3-mode),Compact,1.8,4.0,AV,X,124.0
Toyota,Corolla Cross,SUV: Small,2.0,4.0,AV10,X,171.0
Toyota,Corolla Cross AWD,SUV: Small,2.0,4.0,AV10,X,182.0
Toyota,Corolla Cross Hybrid AWD,SUV: Small,2.0,4.0,AV6,X,130.0
Toyota,Crown AWD,Mid-size,2.4,4.0,AS6,X,182.0
Toyota,Crown AWD,Mid-size,2.5,4.0,AV,X,133.0
Toyota,GR Corolla,Subcompact,1.6,3.0,M6,Z,229.0
Toyota,GR Supra 2.0,Two-seater,2.0,4.0,AS8,Z,200.0
Toyota,GR Supra 3.0,Two-seater,3.0,6.0,AS8,Z,212.0
Toyota,GR Supra 3.0,Two-seater,3.0,6.0,M6,Z,255.0
Toyota,GR86,Minicompact,2.4,4.0,AS6,Z,225.0
Toyota,GR86,Minicompact,2.4,4.0,M6,Z,247.0
Toyota,Highlander AWD,SUV: Small,2.4,4.0,AS8,X,231.0
Toyota,Highlander Hybrid AWD,SUV: Standard,2.5,4.0,AV,X,158.0
Toyota,Highlander Hybrid AWD Limited/Platinum,SUV: Standard,2.5,4.0,AV,X,156.0
Toyota,Prius AWD,Mid-size,2.0,4.0,AV,X,111.0
Toyota,RAV4,SUV: Small,2.5,4.0,AS8,X,184.0
Toyota,RAV4 AWD,SUV: Small,2.5,4.0,AS8,X,199.0
Toyota,RAV4 AWD (Stop/Start),SUV: Small,2.5,4.0,AS8,X,187.0
Toyota,RAV4 AWD LE,SUV: Small,2.5,4.0,AS8,X,184.0
Toyota,RAV4 Hybrid AWD,SUV: Small,2.5,4.0,AV,X,141.0
Toyota,Sequoia 4WD,SUV: Standard,3.4,6.0,AS10,X,273.0
Toyota,Sienna,Minivan,2.5,4.0,AV,X,154.0
Toyota,Sienna AWD,Minivan,2.5,4.0,AV,X,158.0
Toyota,Tacoma 4WD,Pickup truck: Small,3.5,6.0,AS6,X,278.0
Toyota,Tacoma 4WD,Pickup truck: Small,3.5,6.0,M6,X,299.0
Toyota,Tacoma 4WD D-Cab TRD Off-Road/PRO,Pickup truck: Small,3.5,6.0,M6,X,300.0
Toyota,Tundra,Pickup truck: Standard,3.4,6.0,AS10,X,277.0
Toyota,Tundra 4WD,Pickup truck: Standard,3.4,6.0,AS10,X,285.0
Toyota,Tundra 4WD TRD,Pickup truck: Standard,3.4,6.0,AS10,X,286.0
Toyota,Tundra Hybrid 4WD,Pickup truck: Standard,3.4,6.0,AS10,X,274.0
Toyota,Tundra Hybrid 4WD TRD PRO,Pickup truck: Standard,3.4,6.0,AS10,X,287.0
Toyota,Venza AWD,SUV: Small,2.5,4.0,AV,X,142.0
Volkswagen,Atlas,SUV: Small,2.0,4.0,AS8,X,240.0
Volkswagen,Atlas 4MOTION,SUV: Small,2.0,4.0,AS8,X,255.0
Volkswagen,Atlas 4MOTION,SUV: Small,3.6,6.0,AS8,X,279.0
Volkswagen,Atlas Cross Sport,SUV: Small,2.0,4.0,AS8,X,243.0
Volkswagen,Atlas Cross Sport 4MOTION,SUV: Small,2.0,4.0,AS8,X,256.0
Volkswagen,Atlas Cross Sport 4MOTION,SUV: Small,3.6,6.0,AS8,X,275.0
Volkswagen,Golf GTI,Compact,2.0,4.0,AM7,X,198.0
Volkswagen,Golf GTI,Compact,2.0,4.0,M6,X,205.0
Volkswagen,Golf R,Compact,2.0,4.0,A7,Z,213.0
Volkswagen,Golf R,Compact,2.0,4.0,M6,Z,237.0
Volkswagen,Jetta,Compact,1.5,4.0,AS8,X,159.0
Volkswagen,Jetta Comfortline/Highline,Compact,1.5,4.0,AS8,X,167.0
Volkswagen,Jetta,Compact,1.5,4.0,M6,X,165.0
Volkswagen,Jetta GLI,Compact,2.0,4.0,AM7,X,185.0
Volkswagen,Jetta GLI,Compact,2.0,4.0,M6,X,186.0
Volkswagen,Taos,SUV: Small,1.5,4.0,AS8,X,178.0
Volkswagen,Taos 4MOTION,SUV: Small,1.5,4.0,AM7,X,200.0
Volkswagen,Tiguan 4MOTION,SUV: Small,2.0,4.0,AS8,X,222.0
Volkswagen,Tiguan R-Line 4MOTION,SUV: Small,2.0,4.0,AS8,X,229.0
Volvo,S60 B5,Compact,2.0,4.0,AS8,Z,186.0
Volvo,S60 B5 AWD,Compact,2.0,4.0,AS8,Z,193.0
Volvo,S90 B6 AWD,Mid-size,2.0,4.0,AS8,Z,211.0
Volvo,V60 B6 AWD,Station wagon: Small,2.0,4.0,AS8,Z,212.0
Volvo,V60 CC B5 AWD,Station wagon: Small,2.0,4.0,AS8,Z,211.0
Volvo,V90 CC B6 AWD,Station wagon: Mid-size,2.0,4.0,AS8,Z,227.0
Volvo,XC40 B4 AWD,SUV: Small,2.0,4.0,AS8,Z,208.0
Volvo,XC40 B5 AWD,SUV: Small,2.0,4.0,AS8,Z,215.0
Volvo,XC60 B5 AWD,SUV: Small,2.0,4.0,AS8,Z,218.0
Volvo,XC60 B6 AWD,SUV: Small,2.0,4.0,AS8,Z,233.0
Volvo,XC90 B5 AWD,SUV: Standard,2.0,4.0,AS8,Z,223.0
Volvo,XC90 B6 AWD,SUV: Standard,2.0,4.0,AS8,Z,249.0
